FARMER'S MARKET,Sunday,Monday,Tuesday,Wednesday,Thursday,Friday,Saturday,Time,Location 1,Location Info,Island,Website,Contact,Phone,Email
"Waialua Farmers' Market
Waialua Sugar Mill
8:30 AM to 12:00 Noon
Edith Ramiscal
Email: info@sugarmillhawaii.com",,,,,,,X,,,,,,,,
"MAUI FARMER’S MARKETS
Updated 3/1/2011",,,,,,,,,,,,,,,
"Kekaha Neighborhood Center (Sunshine Markets)
Elepaio Road, Kekaha
9 AM
Cora Asuncion, Phone: (808) 742-1834",,,,,,,X,,,,,,,,
"Hali'imaile Farmers' Market
Hali'imaile Town Center (in a former Maui Pineapple Co. parking lot next to Hali'imaile General Store)
1:00 PM - 6:00 PM",,,,,,X,,,,,,,,,
"Mahiku Farmers' Market
International Market Place-Waikiki (near the Food Court)
4:00 PM - 8:00 PM  www.mahikufarmersmarket.com
Contact: Sonny Doung     Phone: (808) 225-4002
Email: sonnydoung@hotmail.com ",,,,,X,,,,,,,,,,
Country Market & Craft Fair at Waimanalo Homestead Community Center,X,,,,,,,9:00 AM to 4:00PM,"1330 Kalanianaole Hwy., HI",Waimanalo Homestead Community Center,Oahu,,Paul Richard,"(808) 259-8611, Cell: (808) 284-2575",
"Hawaii Kai Towne Center
Kalanianaole Highway at Keahole Street, Honolulu
7:30 AM to 3:00 PM
Phone: (808) 396-0766",,X,,X,,,X,,,,,,,,
Queen's Medical Center,,,,X*,,,,10:00 AM to 2:00 PM,"1301 Punchbowl Street
Honolulu, HI
(21.307250002000444, -157.85527925099973)",First Wednesdays,Oahu,,,,
"Pokai Bay Beach Park (People's Open Market)
85-037 Pokai Bay Road, Waianae
11:00 AM to 11:45 AM
Phone: (808) 522-7088
www.co.honolulu.hi.us/parks/programs/pom ",,,,,,X,,,,,www.co.honolulu.hi.us/parks/programs/pom ,,(808) 522-7088,,
International Market Place ,,,,,X,,,4:00 PM to 8:00 PM,"2330 Kalakaua Avenue
Honolulu, HI
(21.277500376000432, -157.82711977399973)",Next to Food Court,Oahu,,,,
Hawaiian Homestead Farmers’ Market at Kuhio Hale Building,,,,,,,X,7:00 AM to 12:00 NOON,"64-759 Kahilu Road, Waimea",,Hawaii,,,,
"Salt Lake Municipal Lot  (People's Open Market)
5337 Likini Street, Honolulu
11:15 AM to 12:00 Noon
Phone: (808) 522-7088
www.co.honolulu.hi.us/parks/programs/pom",,,,,,,X,,,,www.co.honolulu.hi.us/parks/programs/pom ,,(808) 522-7088,,
Old Stadium Park (People's Open Market),,,,X,,,,8:15 AM to 9:15 AM,"2237 South King Street
Honolulu, HI
(21.293791309000426, -157.82719811599975)",,Oahu,http://www.co.honolulu.hi.us/parks/programs/pom,,(808) 522-7088,
"Ka’u Farmers’ Market


",,,,X,,,X,7:00 AM to 12:00 PM,,"In Front of Ace Hardware, Ka’u",Hawaii,,Dennis & Marge,(808) 929-7239,dewell@hawaii.rr.com
"Under the Banyan’s Farmers’ Market
Hawi
7:30 AM to 1:00 PM",,,,,,,X,,,,,,,,
"Maui Mall Farmers' Market & Craft Fair
Maui Mall, Kahului
7:00 AM to 4:00 PM
Ms. Cynda Hearn (808) 871-1307",,,X,X,,X,,,,,,,,,
Kukui Grove Shopping Center,,X,,,,,,3:00 PM,"Lihue
(21.978857825000432, -159.36718896099975)",,Kauai,,,,
Kaneohe District Park (People's Open Market),,,,,X,,,10:45 AM to 11:45 AM,"45-660 Keaahala Road
Kaneohe, HI
(21.409360657000434, -157.81028953799975)",,Oahu,http://www.co.honolulu.hi.us/parks/programs/pom,,(808) 522-7088,
Ewa Beach Elementary School,X,,,,,,,9:00 AM to 1:00 PM,"91-740 Papipi Road
Ewa Beach, HI
(21.31503419100045, -158.01439823499973)",,Oahu,http://www.mahikufarmersmarket.com,Sonny Doung,(808) 225-4002,sonnydoung@hotmail.com
"Ho'oulu Community Farmers Market
Keauhou Beach Resort Royal Gardens
12:30 PM to 5:30 PM
Kumu Keala Ching: (808) 324-2540
keala.ching@outrigger.com",,,,X,,,,,,,,,,,
Waimea Town Market at Parker School,,,,,,,X,7:00 AM to 2:00 PM,,Behind Paniolo Country Inn,Hawaii,,,,
"Fern Forest Town Market
2nd Saturday of the month from 9:00 AM to 1:00 PM
Jan:  Phone: (808) 968-8631",,,,,,,X,,,,,,,,
"Hanapepe Park (Sunshine Markets)
in Old Hanapepe Town",,,,,X,,,3:00 PM,,,Kauai,,Cora Asuncion,(808) 742-1834,
"Panaewa Hawaiian Home Lands Farmers’ Market
Corner of Puainako and Ohuohu., On the sidewalk of Hilo WalMart
8:00 AM to 5:00 PM
Jerry:  Phone: (808) 959-0488",X,X,X,X,X,X,X,,,,,,,,
"Kona Farmers’ Market

Makapua Center - In front of K-Mart, Kailua-Kona",X,,,,X,X,X,7:00AM to 5:00PM,74-5465 Kamakaeha Avenue,,Hawaii,,Bob Gagne,(808) 333-2478,gagner001@hawaii.rr.com
Mahiku Farmers' Market at Momilani Community Center,,,,,,X,,3:00 PM to 7:00 PM,"715 Hoomoana St
Pearl City, HI 96782
(21.408970034000447, -157.96024986999973)",corner of Hoomoana & Komo Mai Dr,Oahu,http://www.mahikufarmersmarket.com,Sonny Doung,(808) 225-4002,sonnydoung@hotmail.com
"Mother Waldron Park (People's Open Market)
525 Coral Street, Honolulu
10:15 AM to 11:00 AM
Phone: (808) 522-7088
www.co.honolulu.hi.us/parks/programs/pom ",,X,,,,,,,,,www.co.honolulu.hi.us/parks/programs/pom ,,(808) 522-7088,,
The Mililani Sunday Farmers' Market at Mililani High School,X,,,,,,,8:00 AM to 12:00 NOON,"95-1200 Meheula Parkway
Mililani, HI
(21.452906795000445, -158.00846980399973)",Mililani High School Parking Lot,Oahu,http://www.hfbf.org,,(808) 848-2074,
Benjamin Parker Elementary School,,,,,,,X,8:00 AM to 2:00 PM,"45-259 Waikalua Road
Kaneohe, HI
(21.413500808000435, -157.79883930699975)",,,,(808) 225-4002,sonnydoung@hotmail.com  www.mahikufarmersmarket.com,
Kalihi Farmers' Market at Kapalama Elementary School,X,,,,,,,7:00 AM to 1:00 PM,"1601 N. School Street
Honolulu, HI
(21.335250464000467, -157.86880934999974)",Kapalama Elementary School,Oahu,http://www.mahikufarmersmarket.com,Sonny Doung,(808) 225-4002,sonnydoung@hotmail.com
"The Market Place
Across from the Hilo Farmer’s Market",,,,X,,,,7:00 AM to 3:00 PM,,,Hawaii,http://www.hilofarmersmarket.com,Keith,(808) 933-1000,
"Kekela Farm
64-604 Mana Road
2:00 PM to 5:00 PM
Phone: (808) 887-0023",,,X,,X,X,,,,,,,,,
"Kailua Elementary School (Opening March 10, 2012)
315 Kuulei Road, Kailua - parking lot
4:00 PM to 8:00 PM
Contact Sonny Doung   Phone: (808) 225-4002
Email: sonnydoung@hotmail.com  www.mahikufarmersmarket.com",,,,,,,X,,,,,,,,
Makawao Farmers' Market,,,,X,,,,9:30 AM -   2:00 PM,"200 Olinda Rd.
Makawao, HI 96768
(20.849390600000447, -156.30839892799975)",Po'okela Church on Olinda Road,Maui,http://makawaofarmersmarket.org/,Debbie,808-419-1570,
Benjamin Parker Elementary School,,,,,,,X,8:00 AM to 2:00 PM,"45-259 Waikalua Road
Kaneohe, HI
(21.413500808000435, -157.79883930699975)",,Oahu,,Sonny Doung,(808) 225-4002,sonnydoung@hotmail.com
"Village Farmers’ Market
Across from Hale Halawai, Kailua-Kona
8:00 AM to 5:00 PM",X,,,,X,X,X,,,,,,,,
Davies Pacific Center,,,"X
*2nd & 4th",,,,,10:00 AM - 1:00 PM,841 Bishop Street,*2nd & 4th Tuesdays,,,,,
Kekaha Neighborhood Center (Sunshine Markets),,,,,,,X,9:00 AM,"Elepaio Road, Kekaha",,Kauai,,Cora Asuncion,(808) 742-1834,
Paia’s One Love Farmers Market,X,X,X,X,X,X,X,10:00 AM - 4:00 PM,"381 Baldwin Ave
Paia, HI 96799
(20.906238207000456, -156.37416925199975)",Historical Paia train depot,Maui,http://www.lahainaproduce.com,,,
The South Kona Green Market at Amy Greenwell Ethnobotanical Garden field in ,X,,,,,,X,9:00 AM to 2:00 PM,"Captain Cook
(19.496937200000446, -155.92166908399975)",,Hawaii,http://www.skgm.org,Esta Feedora,(808) 328-2400,
Kailua District Park (People's Open Market),,,,,X,,,9:00 AM to 10:00 AM,"21 South Kainalu Drive
Kailua, HI
(21.39584092800044, -157.73751944899973)",,Oahu,http://www.co.honolulu.hi.us/parks/programs/pom,,(808) 522-7088,
Merchant Street Market,,,X*,,,,,10:00 AM to 1:00 PM,"841 Bishop Street
Honolulu, HI
(21.307830753000474, -157.86242916299975)",2nd and 4th Tuesday of each month,Oahu,,,(808) 545-4477,dpcinfo@isleconcierge.com
"Manoa Marketplace
2752 Woodlawn Drive, Honolulu
7:00 AM to 11:00 AM
Phone: (808) 847-0494 Cell: (808) 554-4667",X,,X,,X,,,,,,,,,,
"The Kailua Thursday Night Farmers Market
Kailua Road - Kailua Parking Garage (behind Longs)
5:00 PM to 7:30 PM
Phone: (808) 848-2074
www.hfbf.org",,,,,X,,,,,,,,,,
"Halawa District Park (People's Open Market)
99-795 Iwaiwa Street
7:00 AM to 8:00 AM
Phone: (808) 522-7088
www.co.honolulu.hi.us/parks/programs/pom ",, ,,,,X,,,,,www.co.honolulu.hi.us/parks/programs/pom ,,(808) 522-7088,,
"Makeke Kapolei
Kapolei High School",,,,,X,,,3:00 PM to 6:30 PM,"Kapolei, HI
(21.334220008000443, -158.08191927499973)",,Oahu,,,(808) 697-3599 or 692-8200 ext. 2267,
"KAUAI FARMER’S MARKETS
Updated 3/15/2011",,,,,,,,,,,,,,,
Makiki Local Grown Farmers' Market at St. Clement's Church,,,,,X,,,4:30 PM to 7:30 PM,"1515 Wilder Avenue
Honolulu, HI
(21.30376089200047, -157.83456927999973)",Parking on Wilder after 5:30 p.m,Oahu,,George Lee,(808) 735-4550,georgelee2468@gmail.com
"Ward Center
Parking lot across from Ward 16 Theatres, Corner of Auahi & 
Kamakee St.
8:00 AM to 1:00 PM
www.wardcenters.com",,,X,,,,,,,,,,,,
"Honolulu Farmers' Market 
Neal S. Blaisdell Center (Ward Ave. & Kapiolani Blvd.)
4:00 PM to 7:00 PM
Phone: (808) 848-2074
http://www.hfbf.org",,,,X,,,,,,,,,,,
"Windward Mall
46-056 Kamehameha Highway, Kaneohe (fronting Macy's)
3:00 PM to 8:00 PM
www.windwardmall.com/event/farmers-market-every-Wednesday",,,,X,,,,,,,,,,,
"Queen Kapiolani Park (People's Open Market)
Monsarrat and Paki Street, Honolulu
10:00 AM to 11:00 AM
Phone: (808) 522-7088
www.co.honolulu.hi.us/parks/programs/pom ",,,,X,,,,,,,www.co.honolulu.hi.us/parks/programs/pom ,,(808) 522-7088,,
Halawa District Park (People's Open Market),, ,,,,X,,7:00 AM to 8:00 AM,"99-795 Iwaiwa Street, HI",,Oahu,http://www.co.honolulu.hi.us/parks/programs/pom,,(808) 522-7088,
"West Kauai Agricultural Association
Poipu Road and Cane Haul Road
Poipu, HI 
8 AM",,X,,,, ,,,,,,,,,
Ala Moana Farmers' Market,,,,,,,X,9:00 AM to 1:00 PM,"1450 Ala Moana Blvd.
Honolulu, HI
(21.28928015800045, -157.84219969299974)","Ala Moana Center, upper deck by Sears, corner of Piikoi & Ala Moana Blvd.","
http://alamoanafarmersmarket.com/ala-moana.html",,"808-388-9696
",AlaMoanaFarmersMarket@gmail.com,
"Hilo Coffee Mill ""Market @ The Mill""",,,,,,,X,8:00 AM - 1:00 PM,17-995 Volcano Rd,"Hilo Coffee Mill Farm, Between Mile Markers 12 & 13",Hawaii,,Katherine Patton  ,(808) 968-1333,
"Waimea Town Market
Parker School
Behind Paniolo Country Inn
7:00 AM to 2:00 PM",,,,,,,X,,,,,,,,
"Queen's Medical Center
1301 Punchbowl Street, Honolulu
10:00 AM to 2:00 PM
First Wednesdays",,,,"X
1st Wed.",,,,,,,,,,,
"Hale'iwa Farmers' Market 
Kam Hwy. and Joseph P. Leong Bypass
9:00 AM to 1:00 PM
Phone: (808) 388-9696 email: haleiwafarmersmarket@gmail.com
www.haleiwafarmersmarket.com",X,,,,,, ,,,,,,,,
Banyan Court Mall (People's Open Market),,,,,,,X,6:15 AM to 7:30 AM,"800 North King Street
Honolulu, HI
(21.302690421000477, -157.85208973299973)",,Oahu,http://www.co.honolulu.hi.us/parks/programs/pom,,(808) 522-7088,
Ward Center,,,X,,,,,8:00 AM to 1:00 PM,"HI
(21.304850435000446, -157.85774940299973)","Parking lot across from Ward 16 Theatres, Corner of Auahi & Kamakee St.",Oahu,http://www.wardcenters.com,,,
,Sun,Mon,Tues,Wed,Thurs,Fri,Sat,Time,"Address
City, State Zip",Location Info,Website,,Phone,Email,
"Mahiku Farmers' Market
Momilani Community Center
715 Hoomoana St. (corner of Hoomoana & Komo Mai Dr.)
Pearl City, HI  96782
3:00 PM to 7:00 PM
Contact: Sonny Doung     Phone: (808) 225-4002
Email: sonnydoung@hotmail.com",,,,,,X,,,,,,,,,
Kauai Community Market (Kauai Community College),,,,,,,X,10:00 AM - 1:00 PM  ,,Campus front parking lot across from Grove Farm,Kauai,,Melissa McFerrin,(808) 337-9944,kcfb@hawaiiantel.ne
"Hawaiian Homestead Farmers’ Market
64-759 Kahilu Road, Waimea (located at Kuhio Hale Building)
7:00 AM to 12:00 NOON",,,,,,,X,,,,,,,,
Honolulu Farmers' Market at Neal S. Blaisdell Center,,,,X,,,,4:00 PM to 7:00 PM,"777 Ward Ave
Honolulu, HI 96814
(21.29999544000043, -157.85177574799974)",Ward Ave. & King Street,Oahu,http://www.hfbf.org,,(808) 848-2074,
"Kilauea Neighborhood Center (Sunshine Markets)
Keneke off Lighthouse Road, Kilauea
4:30 PM
Ben Ferris, Phone: (808) 822-1712",,,,,X,,,,,,,,,,
Makiki District Park (People's Open Market),,X,,,,,,8:30 AM to 9:30 AM,"1527 Keeaumoku Street
Honolulu, HI
(21.30367101400043, -157.83730940699974)",,Oahu,http://www.co.honolulu.hi.us/parks/programs/pom,,(808) 522-7088,
Under the Banyan’s Farmers’ Market in Hawi,,,,,,,X,7:30 AM to 1:00 PM,,,Hawaii,,,,
"Farmers' Market of Maui-Kihei 
Located in Suda Store parking lot on South Kihei Road
8:00 AM to 4.00 PM
Contact: (808) 875-0949",,X,X,X,X,X,,,,,,,,,
North Shore Country Market at Sunset Beach Elementary School,,,,,,,X,8:00 AM to 2:00 PM,"Haleiwa, HI
(21.58948073400046, -158.10290913599974)",,Oahu,http://www.northshorecountrymarket.com,,(808) 237-8248,
,,,,,,,,,".
BIG ISLAND FARMER’S MARKETS Updated 01/10/2011",,,,,,
"Kailua District Park (People's Open Market)
21 South Kainalu Drive, Kailua
9:00 AM to 10:00 AM
Phone: (808) 522-7088
www.co.honolulu.hi.us/parks/programs/pom",,,,,X,,,,,,www.co.honolulu.hi.us/parks/programs/pom ,,(808) 522-7088,,
Waikele Community Park (People's Open Market),X,,,,,,,11:30 AM to 12:30 PM,"94-870 Lumiaina Street
Waipahu, HI
(21.40006058600045, -158.00463924399975)",,Oahu,http://www.co.honolulu.hi.us/parks/programs/pom,,(808) 522-7088,
Upcountry Farmers' Market at Pukalani Longs Drugs at Kulamalu,,,,,,,X,7:00 AM - 12:00 NOON,"55 Kiopaa St
Makawao, HI 96768
(20.822089506000452, -156.33009308199973)",in the parking lot next to Long's  Drugs at Kulamalu,Maui,,,,info@upcountryfarmersmarket.com
"Hawaiian Farmers of Hanalei
Waipa, Hanalei
2 PM",,,X,,,,,,,,,,,,
"Kaneohe District Park (People's Open Market)
45-660 Keaahala Road, Kaneohe
10:45 AM to 11:45 AM
Phone: (808) 522-7088
www.co.honolulu.hi.us/parks/programs/pom ",,,,,X,,,,,,www.co.honolulu.hi.us/parks/programs/pom ,,(808) 522-7088,,
Farmers' Market of Maui-Honokowai,,X,,X,,X,,7:00 AM to 11:00 AM,"3636 Lower Honoapi‘ilani Road
Lahina, HI 96761
(20.917090441000425, -156.68139921299974)",Location at Hawaiian Motors parking lot (across from Honokowai Park),Maui,,,(808) 669-7004,
Maui Mall Farmers' Market & Craft Fair,,,X,X,,X,,7:00 AM to 4:00 PM,"70 East Kaahumanu Ave
Kahului, HI 96732
(20.892510160000427, -156.46427968799975)",,Maui,,Cynda Hearn,(808) 871-1307,
Ho'oulu Community Farmers Market at Keauhou Beach Resort Royal Gardens,,,,X,,,,12:30 PM to 5:30 PM,,,Hawaii,,Kumu Keala Ching,(808) 324-2540,keala.ching@outrigger.com
Lipoa Street Farmers' Market,,,,,,,X,8:00 AM - 12:00 NOON,"95 Lipoa Street
Kihei, HI 96753
(20.747920615000453, -156.45249990599973)",,Maui,,,,
"South Kona Fruit Stand
Near the old Higashi Store, between mile marker 103 &104
84-4770 Mamalahoa Hwy, Captain Cook
9:00 AM to 6:00 PM
Beth:  Phone: (808) 328-8547",X,X,X,X,X,X,X,,,,,,,,
Salt Lake Municipal Lot  (People's Open Market),,,,,,,X,11:15 AM to 12:00 Noon,"5337 Likini Street
Honolulu, HI
(21.34594295700043, -157.90491127999974)",,Oahu,http://www.co.honolulu.hi.us/parks/programs/pom,,(808) 522-7088,
"The Maui's Fresh Produce Farmer's Market
Queen Ka'ahumanu Shopping Center (center stage area)
Kaahumanu Avenue, Kahului
7:00 AM to 4:00 PM
Pepito Valdez  (808) 298-4289",,,X,X,,X,,,,,,,,,
"Mililani District Park (People's Open Market)
94-1150 Lanikuhana Avenue, Mililani
11:45 AM to 12:30 PM
Phone: (808) 522-7088
www.co.honolulu.hi.us/parks/programs/pom ",,,X,,,,,,,,www.co.honolulu.hi.us/parks/programs/pom ,,(808) 522-7088,,
"Wahiawa District Park (People's Open Market)
N. Cane & California Avenue, Wahiawa
10:00 AM to 11:00 AM
Phone: (808) 522-7088
www.co.honolulu.hi.us/parks/programs/pom ",,,X,,,,,,,,www.co.honolulu.hi.us/parks/programs/pom ,,(808) 522-7088,,
Manoa Valley District Park (People's Open Market),,X,,,,,,6:45 AM to 7:45 AM,"2721 Kaaipu Avenue
Honolulu, HI 96822
(21.313510263000467, -157.81033479899975)",,Oahu,http://www.co.honolulu.hi.us/parks/programs/pom,,(808) 522-7088,
"Country Market & Craft Fair
Waimanalo Homestead Community Center


, Phone: (808) 259-8611, Cell: (808) 284-2575
Tong Sang, Phone: (808) 259-7602",X,,,,,,,9:00 AM to 4:00PM,1330 Kalanianaole Hwy.,,,,,,
The Kailua Thursday Night Farmers Market,,,,,X,,,5:00 PM to 7:30 PM,"Kailua, HI
(21.396571048000453, -157.74006959799974)",Kailua Road - Kailua Parking Garage (behind Longs),Oahu,http://www.hfbf.org,,(808) 848-2074,
Mother Waldron Park (People's Open Market),,X,,,,,,10:15 AM to 11:00 AM,"525 Coral Street
Honolulu, HI
(21.300129225000433, -157.85790736199974)",,Oahu,http://www.co.honolulu.hi.us/parks/programs/pom,,(808) 522-7088,
"Kalihi Farmers' Market 
Kapalama Elementary School - 1601 N. School Street
7:00 AM to 1:00 PM 
Contact:  Sonny Doung    Phone: (808) 225-4002
Email:  sonnydoung@hotmail.com  www.mahikufarmersmarket.com",X,,,,,,,,,,,,,,
Ewa Beach Community Park (People's Open Market),,,,,,X,,9:00 AM to 10:00 AM,"91-955 North Road
Ewa Beach, HI
(21.31354031200044, -158.00906976999974)",,Oahu,http://www.co.honolulu.hi.us/parks/programs/pom,,(808) 522-7088,
Kekela Farm,,,X,,X,X,,2:00 PM to 5:00 PM,64-604 Mana Road,,Hawaii,,,(808) 887-0023,
"Waimanalo Beach Park (People's Open Market)
41-741 Kalanianaole Highway, Waimanalo
7:15 AM to 8:15 AM
Phone: (808) 522-7088
www.co.honolulu.hi.us/parks/programs/pom",,,,,X,,,,,,www.co.honolulu.hi.us/parks/programs/pom ,,(808) 522-7088,,
"Honokaa Farmer’s Market
Old Botelho Bldg., Downtown Honokaa
7:30 AM to 2:00 PM",,,,,,,X,,,,,,,,
"Vidinha Stadium (Sunshine Markets)
Hoolako Road, Lihue
3 PM
Cora Asuncion, Phone (808) 742-1834",,,,,,X,,,,,,,,,
"Waikele Community Park (People's Open Market)
94-870 Lumiaina Street, Waipahu
11:30 AM to 12:30 PM
Phone: (808) 522-7088
www.co.honolulu.hi.us/parks/programs/pom",X,,,,,,,,,,www.co.honolulu.hi.us/parks/programs/pom ,,(808) 522-7088,,
"Makiki Local Grown Farmers' Market at St. Clement's Church
1515 Wilder Avenue at Makiki St. (Parking on Wilder after 5:30 p.m.)
4:30 PM to 7:30 PM
Contact: George Lee (808) 735-4550 or georgelee2468@gmail.com
Agent Juanita Kawamoto, Farm Fresh Hawaii; www.farmfreshhawaii.com",,,,,X,,,,,,,,,,
Kahaluu Farmers' Market at Windward Baptist Church,,,,,,X,,3:00 PM to 7:00 PM,"47-528A Kamehameha Hwy., HI",Across from 7-11,Oahu,http://www.mahikufarmersmarket.com,Sonny Doung,(808) 225-4002,sonnydoung@hotmail.com
Kinoole Farmer's Market,,,,,,,X,7:00 AM to 12 Noon,"1990 Kinoole Street, Hilo
(19.690021148000426, -155.06952407299974)",,Hawaii,,Lori,(808) 557-2780,bifb@hawaiiantel.net
Hale'iwa Farmers' Market ,X,,,,,, ,9:00 AM to 1:00 PM,"HI
(21.304850435000446, -157.85774940299973)",Kam Hwy. and Joseph P. Leong Bypass,Oahu,http://www.haleiwafarmersmarket.com,,(808) 388-9696,haleiwafarmersmarket@gmail.com
West Kauai Agricultural Association,,X,,,, ,,8:00 AM,,Poipu Road and Cane Haul Road,Kauai,,,,
,Sun,Mon,Tues,Wed,Thurs,Fri,Sat,,,,,,,,
The Maui's Fresh Produce Farmer's Market at Queen Ka'ahumanu Shopping Center ,,,X,X,,X,,7:00 AM to 4:00 PM,"275 W. Ka’ahumanu Ave
Kahului, HI 96732
(20.881122485000446, -156.47201774299972)",Center stage area,Maui,,,(808) 877-4325,
"Keauhou Farmer’s Market
Keauhou Shopping Center, fronting Ace Hardware
8:00 AM to 12 NOON
Nancy: (808) 322-3118, (808) 322-2362, nkona@hawaii.rr.com",,,,,,,X,,,,,,,,
Kaumualii Street (People's Open Market),,,,,,,X,8:15 AM to 9:30 AM,"Honolulu, HI
(21.304850435000446, -157.85774940299973)",Kalihi Street,Oahu,http://www.co.honolulu.hi.us/parks/programs/pom,,(808) 522-7088,
"Hanapepe Park (Sunshine Markets)
Old Hanapepe Town
3 PM
Cora Asuncion, Phone: (808) 742-1834",,,,,X,,,,,,,,,,
First Insurance Center,,,,X*,,,,10:00 AM to 1:00 PM,"1100 Ward Ave
Honolulu, HI
(21.30303034500048, -157.84976903599974)","*1st & 3rd Wednesdays, across from Thomas Square",Oahu,,,,
"Mamo Street Market
Mamo Parking Lot, Hilo",X,X,X,X,X,X,X,8:00 AM to 5:00 PM,,,Hawaii,,,,
Pokai Bay Beach Park (People's Open Market),,,,,,X,,11:00 AM to 11:45 AM,"85-037 Pokai Bay Road
Waianae, HI
(21.44185853600044, -158.18862608699973)",,Oahu,http://www.co.honolulu.hi.us/parks/programs/pom,,(808) 522-7088,
Davies Pacific Center,,,X*,,,,,10:00 AM - 1:00 PM,"841 Bishop Street
Honolulu, HI
(21.307830753000474, -157.86242916299975)",*2nd & 4th Tuesdays,Oahu,,,,
Hali'imaile Farmers' Market at Hali'imaile Town Center,,,,,,X,,1:00 PM - 6:00 PM,"900 Haliimaile Rd
Makawao, HI 96768
(20.868329790000473, -156.34021118699974)",in former Maui Pineapple Co. parking lot next to Hali'imaile General Store,Maui,,,(808) 463-1676,
Village Farmers’ Market,X,,,,X,X,X,8:00 AM to 5:00 PM,,"Across from Hale Halawai, Kailua-Kona",Hawaii,,,,
"Keaau Village Farmers’ Market
16-0550 Old Volcano Road
7:00 AM to 5:00 PM
Phone: (808) 966-4853",,,X,X,X,X,X,,,,,,,,
"Waikoloa Village Farmers Market
Waikoloa Community Church Parking Lot
68-3625 Paniolo Ave., Waikoloa
7:15 AM to 10:00 AM",,,,,,,X,,,,,,,,
"Restaurant Row Farmers' Market
500 Ala Moana Boulevard, Honolulu
Every Wednesday 10AM - 1PM
Phone: (808) 537-5158
wfpinfo@isleconcierge.com",,,,X,,,,,,,,,,,
Hana Fresh Market,X,X,X,X,X,X,X,All Day,"4590 Hāna Highway
Hana, HI 96713
(20.64924257700045, -156.06698936499973)",between mile markers 34 and 35.,Maui,,,(808) 248-7515 ext. 26,
Kapaa New Town Park (Sunshine Markets),,,,X,,,,3:00 PM,"Kahau Road, Kapaa",,Kauai,,Nancy Blalock,(808) 822-5887,
"Koloa Ball Park (Knudsen) (Sunshine Markets)
Maluhia Road, Koloa
Noon
Branch Harmony, Phone: (808) 322-0718 ",,X,,,,,,,,,,,,,
Keauhou Farmer’s Market at Keauhou Shopping Center,,,,,,,X,8:00 AM to 12 NOON,,fronting Ace Hardware,Hawaii,,Nancy,"(808) 322-3118, (808) 322-2362",nkona@hawaii.rr.com
"The Market Place
Across from the Hilo Farmer’s Market
7:00 AM to 3:00 PM
Keith: Phone: (808) 933-1000
www.hilofarmersmarket.com",,,,X,,,,,,,,,,,
"Ono Organic Farms Farmers' Market
Old gas station, Hasegawa General Store - Hana Hwy.
All day",,X,,,X,, ,,,,,,,,
"Laupahoehoe Farmers' Market
Laupahoehoe - next to the Minit Stop on Hwy. 19
9:00AM to 1:00PM Every Sunday
Beth Fulton: (808) 443-1679
Email: bethflo@hotmail.com",X,,,,,,,,,,,,,,
Kalihi Valley District Park (People's Open Market),,,,,,,X,10:00 AM to 10:45 AM,"1911 Kam IV Road
Honolulu, HI
(21.304850435000446, -157.85774940299973)",,Oahu,http://www.co.honolulu.hi.us/parks/programs/pom,,(808) 522-7088,
"Hawaii Kai Farmers' Market
at Kaiser High School in Hawaii Kai
511 Lunalilo Home Road
9:00 AM - 1:00 PM
Phone:  (808) 388-9696
www.makekeomaunalua.com",,,,,,,X,,,,,,,,
Vidinha Stadium (Sunshine Markets),,,,,,X,,3:00 PM,"Hoolako Road
Lihue
(21.967180168000425, -159.36190806199974)",,Kauai,,Cora Asuncion,(808) 742-1834,
King's Village Shopping Center,,,,,,X,,4:00 PM to 9:00 PM,"131 Kaiulani Ave.
Honolulu, HI
(21.27717082300046, -157.82522887899975)",,Oahu,http://www.kings-village.com,,(808) 237-6340,
Waikiki Farmers' Market,,,X,,,X,,7:00 AM to 1:00 PM ,"HI
(21.304850435000446, -157.85774940299973)",Waikiki Community Center's Parking Lot,Oahu,,,(808) 923-1802,
"Old Stadium Park (People's Open Market)
2237 South King Street, Honolulu
8:15 AM to 9:15 AM
Phone: (808) 522-7088
www.co.honolulu.hi.us/parks/programs/pom",,,,X,,,,,,,www.co.honolulu.hi.us/parks/programs/pom ,,(808) 522-7088,,
Kapolei Community Park (People's Open Market),X,,,,,,,7:00 AM to 8:30 AM,"91-1049 Kamaaha Loop
Kapolei, HI
(21.333890771000426, -158.06702957399975)",,Oahu,http://www.co.honolulu.hi.us/parks/programs/pom,,(808) 522-7088,
"First Insurance Center
1100 Ward Ave., Honolulu (across from Thomas Square)
10:00 AM to 1:00 PM
*1st & 3rd Wednesdays",,,,"X
*1st & 3rd ",,,,,,,,,,,
Hilo’s Farmer’s Market,,,,X,,,X,6:00 AM to 4:00 PM,,Corner of Kamehameha Avenue and Mamo Street,Hawaii,http://www.hilofarmersmarket.com,Keith,(808) 933-1000,
"Hilo Coffee Mill ""Market @ The Mill""
Hilo Coffee Mill Farm
17-995 Volcano Rd. (Between Mile Markers 12 & 13)
8:00 AM - 1:00 PM
Katherine Patton:  (808) 968-1333",,,,,,,X,,,,,,,,
"Kapolei Community Park (People's Open Market)
91-1049 Kamaaha Loop, Kapolei
7:00 AM to 8:30 AM
Phone: (808) 522-7088
www.co.honolulu.hi.us/parks/programs/pom ",X,,,,,,,,,,www.co.honolulu.hi.us/parks/programs/pom ,,(808) 522-7088,,
Waiau District Park (People's Open Market),,,X,,,,,6:30 AM to 7:30 AM,"Pearl City, HI
(21.393800202000477, -157.96977976199975)","Komo Mai Drive, Pearl City",Oahu,http://www.co.honolulu.hi.us/parks/programs/pom,,(808) 522-7088,
"Makeke Kapolei
Kapolei High School
3:00 PM to 6:30 PM
Phone: (808) 697-3599 or 692-8200 ext. 2267",,,,,X,,,,,,,,,,
"Makawao Farmers' Market
3654 Baldwin Avenue
10:00 AM - 5:00 PM",,,,X,,,,,,,,,,,
Wahiawa District Park (People's Open Market),,,X,,,,,10:00 AM to 11:00 AM,"HI
(21.304850435000446, -157.85774940299973)",N. Cane & California Avenue,Oahu,http://www.co.honolulu.hi.us/parks/programs/pom,,(808) 522-7088,
"Kahaluu Farmers' Market 
Windward Baptist Church at 47-528A Kamehameha Hwy.
(Across from 7-11)  3:00 PM to 7:00 PM
Contact Sonny Doung   Phone: (808) 225-4002
Email: sonnydoung@hotmail.com  www.mahikufarmersmarket.com",,,,,,X,,,,,,,,,
"Kalaheo Neighborhood Center (Sunshine Markets)
Papalina Road off Kaumualii, Kalaheo
3:00 PM
Matilda Adams at the site",,,X,,,,,,,,,,,,
Alii Garden Market Place,X,,,X,X,X,X,9:00 AM to 5:00 PM,"75-6129 Alii Drive
Kailua-Kona
(19.61399064100044, -155.98165889099974)",,Hawaii,,,(808) 334-1381,
Mililani District Park (People's Open Market),,,X,,,,,11:45 AM to 12:30 PM,"94-1150 Lanikuhana Avenue
Mililani, HI
(21.440746715000444, -158.01797200199974)",,Oahu,http://www.co.honolulu.hi.us/parks/programs/pom,,(808) 522-7088,
"Merchant Street Market
841 Bishop Street, Honolulu
2nd and 4th Tuesday of each month 10AM - 1PM
Phone: (808) 545-4477
dpcinfo@isleconcierge.com",,,X,,,,,,,,,,,,
"Waipahu District Park (People's Open Market)
94-230 Paiwa Street, Waipahu
8:15 AM to 9:15 AM
Phone: (808) 522-7088
www.co.honolulu.hi.us/parks/programs/pom ",,,X,,,,,,,,www.co.honolulu.hi.us/parks/programs/pom ,,(808) 522-7088,,
Windward Mall,,,,X,,,,3:00 PM to 8:00 PM,"46-056 Kamehameha Highway
Kaneohe, HI
(21.42064035000044, -157.80338967099974)",fronting Macy's,Oahu,http://www.windwardmall.com/event/farmers-market-every-Wednesday,,,
,Sun,Mon,Tues,Wed,Thurs,Fri,Sat,,,,,,,,
Ala Moana Farmers' Market,,,,,,,X,9:00 AM to 1:00 PM,"1450 Ala Moana Blvd.
Honolulu, HI
(21.28928015800045, -157.84219969299974)","Ala Moana Center, upper deck by Sears, corner of Piikoi & Ala Moana Blvd.",Oahu,http://alamoanafarmersmarket.com/ala-moana.html,,"808-388-9696
",AlaMoanaFarmersMarket@gmail.com
Kailua Elementary School,,,,,,,X,4:00 PM to 8:00 PM,"315 Kuulei Road, HI",,Oahu,http://www.mahikufarmersmarket.com,Sonny Doung,(808) 225-4002,sonnydoung@hotmail.com
"Ewa Beach Elementary School
91-740 Papipi Road, Ewa Beach
9:00 AM to 1:00 PM
Contact Sonny Doung   Phone: (808) 225-4002
Email: sonnydoung@hotmail.com  www.mahikufarmersmarket.com",X,,,,,,,,,,,,,,
Ono Organic Farms Farmers' Market in Hana,X,X,X,X,X,X,X,10:00 AM to 6:00 PM,"149 Hana Highway
Hana, HI 96713
(20.80699101600044, -156.09087728399973)","Old gas station, Hasegawa General Store - Hana Hwy.",Maui,,,(808) 248-7779,
"Akebono Farmers’ Market
Akebono Parking Lot, Pahoa
7:00 AM to 2:00 PM
Vinton:  Phone: (808) 965-9205",X,,,,,,,,,,,,,,
Akebono Farmers’ Market,X,,,,,,,7:00 AM to 2:00 PM,"Pahoa, HI
(19.49469006600043, -154.94809898999975)",Akebono Parking Lot,Hawaii,,Vinton,(808) 965-9205,
Hanalei Saturday Market,,,,,,,X,9 AM  - 1:30 PM,"Hanalei
(22.201686187000462, -159.50311687099975)",,Kauai,http://www.halehalawai.org/market.htm,Stephanie Struble,(808) 826-1011,
"Nuuanu Farmers Market 
Honolulu Central Seventh Day Adventist Church
2313 Nuuanu Avenue, Honolulu
4:00 PM to 7:00 PM
Phone:  (808) 282-2276
Email: nuuanumarket@gmail.com",,,X,,,,,,,,,,,,
"The Saturday Farmers' Market at Kapiolani Community College Campus
4303 Diamond Head Road, Honolulu
7:30 AM to 11:00 AM
Phone: (808) 848-2074
www.hfbf.org ",,,,,,,X,,,,,,,,
Waialua Farmers' Market,,,,,,,X,8:30 AM to 12:00 Noon,"HI
(21.304850435000446, -157.85774940299973)",Waialua Sugar Mill,Oahu,,Edith Ramiscal,,info@sugarmillhawaii.com
"Upcountry Farmers' Market
(formerly at Eddie Tam Community Center)
Pukalani Longs Drugs at Kulamalu
7:00 AM - 12:00 NOON",,,,,,,X,,,,,,,,
"Kona Farmers’ Market
74-5465 Kamakaeha Avenue
Makapua Center - In front of K-Mart, Kailua-Kona
7:00AM to 5:00PM
Bob Gagne: (808) 333-2478
Email: gagner001@hawaii.rr.com",X,,,,X,X,X,,,,,,,,
"Hanalei Saturday Market
Hanalei
9 AM  - 1:30 PM
Stephanie Struble,  Phone (808) 826-1011
PO Box 822, Hanalei, HI
www.halehalawai.org/market.htm",,,,,,,X,,,,,,,,
"Panaewa Hawaiian Home Lands Farmers’ Market
Corner of Puainako and Ohuohu., On the sidewalk of Hilo WalMart",X,X,X,X,X,X,X,8:00 AM to 5:00 PM,,,Hawaii,,Jerry,(808) 959-0488,
Dole Cannery,,,,,,X,,10:00 AM to 5:00 PM,"650 Iwilei Road
Honolulu, HI
(21.316240109000432, -157.87050896699975)",,Oahu,,Doreen Rozemond,,drozemond@castlecooke.com
"Kalihi Valley District Park (People's Open Market)
1911 Kam IV Road, Honolulu
10:00 AM to 10:45 AM
Phone: (808) 522-7088
www.co.honolulu.hi.us/parks/programs/pom",,,,,,,X,,,,www.co.honolulu.hi.us/parks/programs/pom ,,(808) 522-7088,,
"Maku’u Farmer’s Market
Highway 130, between Keaau and Pahoa
6:00 AM to 1:30 PM
Phone: (808) 965-1441, (808) 896-5537, (Cell) (808) 217-2307
Email: kekahuna@localnet.com",X,,X,X,X,,,,,,,,,,
"Kapaa New Town Park (Sunshine Markets)
Kahau Road, Kapaa
3 PM
Nancy Blalock, Phone: (808) 822-5887",,,,X,,,,,,,,,,,
Manoa Marketplace,X,,X,,X,,,7:00 AM to 11:00 AM,"2752 Woodlawn Drive
Honolulu, HI 96822
(21.307510418000447, -157.80973989899974)",,Oahu,,,(808) 847-0494 Cell: (808) 554-4667,
Maui Swap Meet at Maui Community College ,,,,,,,X,6:00 AM to 1:00 PM,"310 Ka'ahumanu Avenue
Kahului, HI 96732
(20.88888047000046, -156.47681997699974)",Maui Community College (lot nearest to Kahului Beach Road),Maui,,,(808) 877-3100,
City Hall Parking Lot Deck (People's Open Market),,X,,,,,,11:45 AM to 12:30 PM,"Honolulu, HI
(21.304850435000446, -157.85774940299973)",Alapai & Beretania Street,Oahu,http://www.co.honolulu.hi.us/parks/programs/pom,,(808) 522-7088,
"Maku’u Farmer’s Market
Highway 130, between Keaau and Pahoa",X,,X,X,X,,,6:00 AM to 1:30 PM,,,Hawaii,,,"(808) 965-1441, (808) 896-5537, (Cell) (808) 217-2307",kekahuna@localnet.com
"Waiau District Park (People's Open Market)
Komo Mai Drive, Pearl City
6:30 AM to 7:30 AM
Phone: (808) 522-7088
www.co.honolulu.hi.us/parks/programs/pom ",,,X,,,,,,,,www.co.honolulu.hi.us/parks/programs/pom ,,(808) 522-7088,,
Koloa Ball Park (Knudsen) (Sunshine Markets),,X,,,,,,Noon,Maluhia Road,,Kauai,,Branch Harmony,(808) 322-0718,
Farmers' Market of Maui-Kihei ,,X,X,X,X,X,,8:00 AM to 4:00 PM,"61 South Kihei Road
Kihei, HI 96753-8801
(20.781950970000423, -156.46301909199974)",Located in Suda Store parking lot on South Kihei Road,Maui,,,(808) 875-0949,
"Keaau Village Farmers’ Market
16-0550 Old Volcano Road

Phone: ",,,X,X,X,X,X,7:00 AM to 5:00 PM,,,Hawaii,,,(808) 966-4853,
"Kukui Grove Shopping Center
Lihue
3 PM",,X,,,,,,,,,,,,,
Hawaii Kai Park-n-Ride (People's Open Market),,,,,,,X,1:00 PM to 2:00 PM,"300 Keahole Street, Honolulu
Honolulu, HI
(21.284702499000446, -157.71043000699973)",,Oahu,http://www.co.honolulu.hi.us/parks/programs/pom,,(808) 522-7088,
"Maui Swap Meet
Maui Community College on Ka'ahumanu Avenue (lot nearest to Kahului Beach Road)
6:00 AM to 1:00 PM
Phone: (808) 244-3100",,,,,,,X,,,,,,,,
"Ka’u Farmers’ Market
In Front of Ace Hardware, Ka’u
7:00 AM to 12:00 PM
Dennis & Marge: (808) 929-7239
dewell@hawaii.rr.com ",,,,X,,,X,,,,,,,,
"Kaumualii Street (People's Open Market)
Kalihi Street, Honolulu
8:15 AM to 9:30 AM
Phone: (808) 522-7088
www.co.honolulu.hi.us/parks/programs/pom",,,,,,,X,,,,www.co.honolulu.hi.us/parks/programs/pom ,,(808) 522-7088,,
"Hawaii Kai Park-n-Ride (People's Open Market)
300 Keahole Street, Honolulu
1:00 PM to 2:00 PM
Phone: (808) 522-7088
www.co.honolulu.hi.us/parks/programs/pom",,,,,,,X,,,,,,,,
Hawaii Kai Towne Center,,X,,X,,,X,7:30 AM to 3:00 PM,"333 Keahole Street
Honolulu, HI 96825
(21.28424007500047, -157.71158963799974)",behind Panda Express,Oahu,,,(808) 396-0766,
Queen Kapiolani Park (People's Open Market),,,,X,,,,10:00 AM to 11:00 AM,"Honolulu, HI
(21.304850435000446, -157.85774940299973)",Monsarrat and Paki Street,Oahu,http://www.co.honolulu.hi.us/parks/programs/pom,,(808) 522-7088,
"Makiki District Park (People's Open Market)
1527 Keeaumoku Street, Honolulu
8:30 AM to 9:30 AM
Phone: (808) 522-7088
www.co.honolulu.hi.us/parks/programs/pom ",,X,,,,,,,,,,,,,
"Hilo’s Farmer’s Market
Corner of Kamehameha Avenue and Mamo Street
6:00 AM to 4:00 PM
Keith:  Phone: (808) 933-1000
www.hilofarmersmarket.com ",,,,X,,,X,,,,,,,,
"Hawaiian Farmers of Hanalei
Waipa, Hanalei",,,X,,,,,2:00 PM,,,Kauai,,,,
Hawaii Kai Farmers' Market at Kaiser High School,,,,,,,X,9:00 AM - 1:00 PM,"511 Lunalilo Home Road
Honolulu, HI
(21.286071053000455, -157.69769887499973)",Kaiser High School parking lot,Oahu,http://www.makekeomaunalua.com,,(808) 388-9696,
Mahiku Farmers' Market at International Market Place-Waikiki,,,,,X,,,4:00 PM - 8:00 PM,"Honolulu, HI
(21.304850435000446, -157.85774940299973)",International Market Place-Waikiki (near the Food Court),Oahu,http://www.mahikufarmersmarket.com,Sonny Doung,(808) 225-4002,sonnydoung@hotmail.com
"The South Kona Green Market
Amy Greenwell Ethnobotanical Garden field in Captain Cook
9:00 AM to 2:00 PM
Esta Feedora: Phone: (808) 328-2400
www.skgm.org",X,,,,,,X,,,,,,,,
"Palolo Valley District Park (People's Open Market)
2007 Palolo Avenue, Honolulu
6:30 AM to 7:30 AM
Phone: (808) 522-7088
www.co.honolulu.hi.us/parks/programs/pom ",,,,X,,,,,,,www.co.honolulu.hi.us/parks/programs/pom ,,(808) 522-7088,,
City Hall Parking Lot Deck (People's Open Market),,X,,,,,,11:45 AM to 12:30 PM,"Honolulu, HI
(21.304850435000446, -157.85774940299973)",Alapai & Beretania Street,www.co.honolulu.hi.us/parks/programs/pom,,(808) 522-7088,,
"Lipoa Street Farmers' Market
Liipoa Street in Kihei
8:00 AM - 12:00 NOON",,,,,,,X,,,,,,,,
Volcano Farmers’ Market,X,,,,,,,7:00 AM to 9:00 AM,"1000 Wright Road
Cooper Center, Volcano",,Hawaii,,Betsy Mitchell,(808) 967-7209,
"Honokaa Farmer’s Market at Old Botelho Bldg., Downtown Honokaa
",,,,,,,X,7:30 AM to 2:00 PM,,,Hawaii,,,,
"OAHU FARMER'S MARKETS
Updated 5/22/2012",,,,,,,,,,,,,,,
"Royal Kunia Park-n-Ride (People's Open Market)
Kupuna Lp / Kupohi Street, Waipahu
9:30 AM to 11:00 AM
Phone: (808) 522-7088
www.co.honolulu.hi.us/parks/programs/pom ",X,,,,,,,,,,www.co.honolulu.hi.us/parks/programs/pom ,,(808) 522-7088,,
"Volcano Farmers’ Market
1000 Wright Road, Cooper Center, Volcano
7:00 AM to 9:00 AM
Betsy Mitchell:  Phone: (808) 967-7209",X,,,,,,,,,,,,,,
Molokai Saturday Market,,,,,,,X,7:00 AM - 12 NOON,"40 Ala Malama Street
Kaunakakai, HI 96748
(21.09017112200047, -157.02199661599974)","Ala Malama Street at the Thomas Trade Building, located between Bank of Hawai‘i and American Savings Bank.",Molokai,,,,
Waikoloa Village Farmers Market,,,,,,,X,7:15 AM to 10:00 AM,"68-3625 Paniolo Ave.
Waikoloa
(19.942734768000435, -155.79099041899974)",Waikoloa Community Church Parking Lot,Hawaii,,,,
Ewa Beach Community Park (People's Open Market),,,,,,X,,9:00 AM to 10:00 AM,"91-955 North Road
Ewa Beach
(21.31354031200044, -158.00906976999974)",,www.co.honolulu.hi.us/parks/programs/pom ,,(808) 522-7088,,
Kalaheo Neighborhood Center (Sunshine Markets),,,X,,,,,3:00 PM,"Papalina Road
Kalaheo
(21.90751165800043, -159.51190744899975)","Papalina Road off Kaumualii, Kalaheo",Kauai,,Matilda Adams at the site,,
"Alii Garden Market Place
75-6129 Alii Drive, Kailua-Kona
9:00 AM to 5:00 PM
Phone: (808) 334-1381",X,,,X,X,X,X,,,,,,,,
Fort Street near Wilcox Park,,,X,,,X,,8:00 AM to 2:00 PM,"Honolulu, HI
(21.304850435000446, -157.85774940299973)",In front of Macy's,Oahu,http://www.local-farmers-markets.com/market/1162/honolulu/fort-street-near-wilcox-park,Lori Zane,(808) 777-9216,
Waipahu District Park (People's Open Market),,,X,,,,,8:15 AM to 9:15 AM,"94-230 Paiwa Stree
Waipahu, HI
(21.38803075800047, -157.99936985699975)",,Oahu,http://www.co.honolulu.hi.us/parks/programs/pom,,(808) 522-7088,
Kilauea Neighborhood Center (Sunshine Markets),,,,,X,,,4:30 PM,,Keneke off Lighthouse Road,Kauai,,Ben Ferris,(808) 822-1712,
"Mamo Street Market
Mamo Parking Lot, Hilo
8:00 AM to 5:00 PM",X,X,X,X,X,X,X,,,,,,,,
The Saturday Farmers' Market at Kapiolani Community College Campus,,,,,,,X,7:30 AM to 11:00 AM,"4303 Diamond Head Road
Honolulu, HI 96816
(21.26960032800048, -157.80306933599974)",,Oahu,http://www.hfbf.org,,(808) 848-2074,
Waianae Farmers' Market (sponsored by Waianae Coast Comprehensive Center),,,,,,,X,8:30 AM to 11:30 AM,"85-251 Farrington Highway
Waianae, HI
(21.455940520000468, -158.19946945199973)","Waianae High School, Cafeteria Lanai",Oahu,http://www.waianaefarmersmarket.org,Desiree,(808) 388-7386,waianaefarmersmarket@wcchc.com
"South Kona Fruit Stand
Near the old Higashi Store, between mile marker 103 &104
84-4770 Mamalahoa Hwy, Captain Cook

Beth:  Phone: (808) 328-8547",X,X,X,X,X,X,X,9:00 AM to 6:00 PM,,,Hawaii,,,,
Kaka'ako Makai Community Cultural Marketplace,,,,,,,X,9:00 AM - 2:00 PM,"Honolulu, HI
(21.304850435000446, -157.85774940299973)",one block makai of Ala Moana Blvd. & Ward Ave. corner Ilalo & Ahui Sts. ,Oahu,http://www.KakaakoMakaiMarket.com,, (808) 330-6224,
"Manoa Valley District Park (People's Open Market)
2721 Kaaipu Avenue, Honolulu
6:45 AM to 7:45 AM
Phone: (808) 522-7088
www.co.honolulu.hi.us/parks/programs/pom ",,X,,,,,,,,,www.co.honolulu.hi.us/parks/programs/pom ,,(808) 522-7088,,
Fern Forest Town Market,,,,,,,X*,9:00 AM to 1:00 PM,,,Hawaii,,Jan,(808) 968-8631,
"Waianae Farmers' Market (sponsored by Waianae Coast Comprehensive Center)
Waianae High School, Cafeteria Lanai
85-251 Farrington Highway, Waianae
8:30 AM to 11:30 AM
Phone: Desiree at (808) 388-7386
www.waianaefarmersmarket.org
Email:  waianaefarmersmarket@wcchc.com
www.facebook.com/#!/pages/WAIANAE-FARMERS-MARKET/234161083106",,,,,,,X,,,,,,,,
"Farmers' Market of Maui-Honokowai
Location at Hawaiian Motors parking lot (across from Honokowai Park)
7:00 AM to 11:00 AM
Contact: (808) 669-7004",,X,,X,,X,,,,,,,,,
Dole Cannery,,,,,,X,,10:00 AM to 5:00 PM,650 Iwilei Road,,,,,drozemond@castlecooke.com,
Nuuanu Farmers Market at Honolulu Central Seventh Day Adventist Church,,,X,,,,,4:00 PM to 7:00 PM,"2313 Nuuanu Avenue
Honolulu, HI
(21.326480443000435, -157.84731928399975)",,Oahu,,,(808) 282-2276,nuuanumarket@gmail.com
"Kaka'ako Makai Community Cultural Marketplace
one block makai of Ala Moana Blvd. & Ward Ave. 
corner Ilalo & Ahui Sts. 
Friday: 4:30 PM - 8:00 PM; Saturday: 9:00 AM - 2:00 PM
Phone:  (808) 330-6224
www.KakaakoMakaiMarket.com",,,,,,X,X,,,,,,,,
"Waikiki Farmers' Market
Waikiki Community Center's Parking Lot
7:00 AM to 1:00 PM 
Phone: (808) 923-1802",,,X,,,X,,,,,,,,,
"Kinoole Farmer's Market
1990 Kinoole Street, Hilo
7:00 AM to 12 Noon
Lori: Phone (808) 557-2780
Email: bifb@hawaiiantel.net",,,,,,,X,,,,,,,,
"Laupahoehoe Farmers' Market
Laupahoehoe - next to the Minit Stop on Hwy. 19",X,,,,,,,9:00AM to 1:00PM,,,Hawaii,,Beth Fulton,(808) 443-1679,bethflo@hotmail.com
Royal Kunia Park-n-Ride (People's Open Market),X,,,,,,,9:30 AM to 11:00 AM,"Waipahu, HI
(21.385861307000425, -158.00350991899975)",Kupuna Lp / Kupohi Stree,Oahu,http://www.co.honolulu.hi.us/parks/programs/pom,,(808) 522-7088,
"Maui Open Market, Maui Tropical Plantation",,,X,X,X,X,X,10:00 AM -4:00 PM,"1670 HONOAPIILANI HWY
Wailuku, HI 96793
(20.85027094500043, -156.50449895199975)",,Maui,,,808-244-7643,
"Kauai Community Market (Kauai Community College)
Campus front parking lot across from Grove Farm
10 AM - 1 PM  
Melissa McFerrin at kcfb@hawaiiantel.net; Phone: (808) 337-9944",,,,,,,X,,,,,,,,
,Sun,Mon,Tues,Wed,Thurs,Fri,Sat,,,,,,,,
Kaka'ako Makai Community Cultural Marketplace,,,,,,X,,4:30 PM - 8:00 PM,"Honolulu, HI
(21.304850435000446, -157.85774940299973)",one block makai of Ala Moana Blvd. & Ward Ave. corner Ilalo & Ahui Sts. ,Oahu,http://www.KakaakoMakaiMarket.com,, (808) 330-6224,
"International Market Place (Next to the Food Court)
2330 Kalakaua Avenue, Honolulu
4:00 PM to 8:00 PM
Contact Sonny Doung   Phone: (808) 225-4002
Email: sonnydoung@hotmail.com  www.mahikufarmersmarket.com",,,,,X,,,,,,,,,,
"North Shore Country Market
Sunset Beach Elementary School, Haleiwa
8:00 AM to 2:00 PM
Phone: (808) 237-8248
www.northshorecountrymarket.com 
www.sunsetcountrymarket.org ",,,,,,,X,,,,,,,,
Palolo Valley District Park (People's Open Market),,,,X,,,,6:30 AM to 7:30 AM,"2007 Palolo Avenue
Honolulu, HI 96816
(21.30061055100043, -157.79599893199975)",,Oahu,http://www.co.honolulu.hi.us/parks/programs/pom,,(808) 522-7088,
"The Mililani Sunday Farmers' Market at Mililani High School
95-1200 Meheula Parkway, Mililani High School Parking Lot
8:00 AM to 12:00 NOON
Phone: (808) 848-2074
www.hfbf.org",X,,,,,,,,,,,,,,
"Fort Street near Wilcox Park
Honolulu (In front of Macy's)
8:00 AM to 2:00 PM
Lori Zane; Phone: (808) 777-9216
www.local-farmers-markets.com/market/1162/honolulu/fort-street-near-wilcox-park",,,X,,,X,,,,,,,,,
Banyan Court Mall (People's Open Market),,,,,,,X,6:15 AM to 7:30 AM,"800 North King Street
Honolulu, HI
(21.302690421000477, -157.85208973299973)",,www.co.honolulu.hi.us/parks/programs/pom,,(808) 522-7088,,
Waimanalo Beach Park (People's Open Market),,,,,X,,,7:15 AM to 8:15 AM,"41-741 Kalanianaole Highway
Waimanalo, HI
(21.329640001000428, -157.69172889999973)",,Oahu,http://www.co.honolulu.hi.us/parks/programs/pom,,(808) 522-7088,
"King's Village Shopping Center
131 Kaiulani Ave., Honolulu
4:00 PM to 9:00 PM
Phone: (808) 237-6340
www.kings-village.com",,,,,,X,,,,,,,,,
